{
  "cat food": {
    "cat food": 0.8594493518273035,
    "food": 0.9123623654955909,
    "food container": 0.6329662005106608
  },
  "elephant": {
    "elephant": 0.8844457690914472,
    "giant": 0.5311651209243186
  }
}